trial,value,best_val_loss,best_val_r2,epochs_trained,param_attention_heads,param_hidden_dim_1_base,param_hidden_dim_2_base,param_hidden_dim_3_base,param_coord_embed_base,param_dropout_rate,param_colonization_threshold,param_colonization_expert_weight,param_colonization_weight,param_jump_threshold,param_jump_expert_weight,param_jump_weight,param_decline_threshold,param_decline_expert_weight,param_decline_weight,param_pde_expert_weight,param_pde_weight,param_learning_rate,param_weight_decay
0,559.1234293996864,559.1234293996864,0.774742802613695,41,4,31,13,6,3,0.16239780813448107,0.05871254182522992,0.846470458309974,6.41003510568888,156.21088666940682,0.508233797718321,9.72918866945795,86.59541126403374,0.5849356442713105,2.636424704863906,0.47336180394137356,3.7381801866358395,0.00011207606211860574,1.9762189340280077e-06
1,494.3088016218082,494.3088016218082,0.8008550358616505,50,4,31,13,6,3,0.16239780813448107,0.05871254182522992,0.846470458309974,6.41003510568888,156.21088666940682,0.508233797718321,9.72918866945795,86.59541126403374,0.5849356442713105,2.636424704863906,0.47336180394137356,3.7381801866358395,0.00011207606211860574,1.9762189340280077e-06
2,520.1634073452369,520.1634073452369,0.7904388455921059,50,4,31,13,6,3,0.16239780813448107,0.05871254182522992,0.846470458309974,6.41003510568888,156.21088666940682,0.508233797718321,9.72918866945795,86.59541126403374,0.5849356442713105,2.636424704863906,0.47336180394137356,3.7381801866358395,0.00011207606211860574,1.9762189340280077e-06
3,474.63194460962814,474.63194460962814,0.8087823617987762,50,4,31,13,6,3,0.16239780813448107,0.05871254182522992,0.846470458309974,6.41003510568888,156.21088666940682,0.508233797718321,9.72918866945795,86.59541126403374,0.5849356442713105,2.636424704863906,0.47336180394137356,3.7381801866358395,0.00011207606211860574,1.9762189340280077e-06
4,488.15761127012536,488.15761127012536,0.8033332004785356,50,4,31,13,6,3,0.16239780813448107,0.05871254182522992,0.846470458309974,6.41003510568888,156.21088666940682,0.508233797718321,9.72918866945795,86.59541126403374,0.5849356442713105,2.636424704863906,0.47336180394137356,3.7381801866358395,0.00011207606211860574,1.9762189340280077e-06
5,795.4234907770309,795.4234907770309,0.6795432692562356,11,4,31,13,6,3,0.16239780813448107,0.05871254182522992,0.846470458309974,6.41003510568888,156.21088666940682,0.508233797718321,9.72918866945795,86.59541126403374,0.5849356442713105,2.636424704863906,0.47336180394137356,3.7381801866358395,0.00011207606211860574,1.9762189340280077e-06
6,665.143384733606,665.143384733606,0.732029947544858,12,4,31,13,6,3,0.16239780813448107,0.05871254182522992,0.846470458309974,6.41003510568888,156.21088666940682,0.508233797718321,9.72918866945795,86.59541126403374,0.5849356442713105,2.636424704863906,0.47336180394137356,3.7381801866358395,0.00011207606211860574,1.9762189340280077e-06
7,679.6152723887593,679.6152723887593,0.7261995768562439,11,4,31,13,6,3,0.16239780813448107,0.05871254182522992,0.846470458309974,6.41003510568888,156.21088666940682,0.508233797718321,9.72918866945795,86.59541126403374,0.5849356442713105,2.636424704863906,0.47336180394137356,3.7381801866358395,0.00011207606211860574,1.9762189340280077e-06
8,680.6773574912329,680.6773574912329,0.7257716886637819,11,4,31,13,6,3,0.16239780813448107,0.05871254182522992,0.846470458309974,6.41003510568888,156.21088666940682,0.508233797718321,9.72918866945795,86.59541126403374,0.5849356442713105,2.636424704863906,0.47336180394137356,3.7381801866358395,0.00011207606211860574,1.9762189340280077e-06
9,641.3716737102619,641.3716737102619,0.7416069903240253,13,4,31,13,6,3,0.16239780813448107,0.05871254182522992,0.846470458309974,6.41003510568888,156.21088666940682,0.508233797718321,9.72918866945795,86.59541126403374,0.5849356442713105,2.636424704863906,0.47336180394137356,3.7381801866358395,0.00011207606211860574,1.9762189340280077e-06
10,592.0126371273105,592.0126371273105,0.7614925427114495,17,7,8,6,3,7,0.4630659181130071,0.193965611891813,0.5296480713060737,9.522656887511342,84.72528082300295,0.878204789548042,2.2703898624335253,37.65404112669709,0.8124897805145396,8.212185656078328,0.7144299083451704,7.943328122319691,0.0004993637883601218,2.214396068504149e-07
11,1585.805553600235,1585.805553600235,0.3611176069170332,11,2,22,16,8,5,0.2753991977825756,0.10232639337607534,0.7375386315314675,2.9492362457018393,198.8740092569891,0.6358350704309181,7.259174438107952,64.3373971841306,0.6971457481268195,5.2544260599215376,0.5855975253875391,1.1807419121509417,2.5508754249827804e-05,1.6486581733805815e-05
12,476.69037086590083,476.69037086590083,0.8079530720478312,43,6,25,9,4,5,0.2753991977825756,0.09865901148564998,0.7375386315314675,4.013156586009125,109.2620316434298,0.6175209522347848,7.259174438107952,66.27547611551614,0.6971457481268195,5.083062055825858,0.5855975253875391,6.15961879886106,0.0003429667321326434,2.967773209962217e-07
13,516.6689931942278,516.6689931942278,0.7918466598541704,27,7,24,8,3,5,0.28101828772896026,0.10148634053251862,0.7197213913395483,3.957963373277293,106.9406365130335,0.6123043816958816,7.274403085060849,65.49390825002466,0.6973234646653289,5.2544260599215376,0.5972673213806948,6.638996847270607,0.0003928025332222,2.4772555771555616e-07
14,542.8998258849659,542.8998258849659,0.7812788969125088,32,6,26,10,4,7,0.36631594314751786,0.09552251906073074,0.6435973826214701,4.013156586009125,51.976509869501044,0.6123043816958816,7.342340404250017,49.55994645613383,0.779911231003659,6.769917156070596,0.6563058949120363,9.6912271054402,0.0009886870381193046,4.7257073745753864e-07
15,952.4968077610004,952.4968077610004,0.6162622595407814,11,8,26,4,2,6,0.23754701764520592,0.13590388119697527,0.7769479467834559,8.93053359792161,128.9888083091715,0.7278184113677527,4.959542840754541,74.25427747155432,0.6595907080922859,4.082643943639809,0.5394894580093814,6.097922950796916,4.038549892854383e-05,1.0606791618730041e-05
16,756.3740561932583,756.3740561932583,0.6952753343626911,11,2,11,10,8,5,0.36631594314751786,0.13209017466799233,0.6435973826214701,1.8727190177345139,128.9888083091715,0.6831377837068595,6.0021804638487115,52.35994052974628,0.5271288452551053,4.082643943639809,0.7742247504325699,2.0782176795602387,0.0002672093765641602,4.5594072390214954e-05
17,429.116464999427,429.116464999427,0.8271194387939137,50,6,20,10,4,2,0.23754701764520592,0.08136253205020105,0.7769479467834559,8.05266659034115,185.56933062720324,0.5681139558702257,8.28611953486444,74.25427747155432,0.85621601194762,6.769917156070596,0.5394894580093814,5.172326697890094,0.00023689089570144521,6.323728543271069e-07
18,959.4350144822913,959.4350144822913,0.6134670252172925,11,6,17,16,4,2,0.2202259292197384,0.08211734024353566,0.8922566863986378,8.05266659034115,199.53844357894187,0.5681139558702257,8.428747610454728,74.79720483967803,0.85621601194762,9.197189852611936,0.4179818655985018,5.172326697890094,4.665554536020021e-05,6.323728543271069e-07
19,613.2454347804345,613.2454347804345,0.7529383662263962,12,5,17,11,5,2,0.11549007998447319,0.08211734024353566,0.656981156841053,8.05266659034115,185.56933062720324,0.7652366935026803,8.428747610454728,74.79720483967803,0.7787113433222992,6.992970186456055,0.529750818372629,5.172326697890094,0.0002175389305005765,1.1797776225645341e-07
20,718.2021172936257,718.2021172936257,0.7106538778527474,11,3,18,11,7,4,0.329832058620782,0.16237921173134146,0.8046915683028197,7.730352953321189,185.56933062720324,0.5681139558702257,4.204821010014943,94.52121607616272,0.6435145190038787,6.992970186456055,0.4179818655985018,2.4404846319239706,0.00020540573225365976,6.379953550240584e-06
21,473.00281546558034,473.00281546558034,0.8094386982101522,50,6,27,9,4,2,0.22067648570337164,0.08177116152095935,0.7496334108689462,4.893645791055788,106.9406365130335,0.5729870804597332,8.33666691358593,56.63488978961597,0.8752635520425553,4.082643943639809,0.5499684937633444,7.209013810147226,0.0007160466223042797,7.206490510225727e-07
22,499.46085132818246,499.46085132818246,0.7987794006501215,20,5,28,8,5,2,0.22067648570337164,0.08217763159014618,0.7832310409205215,5.451798712798487,174.6705046372748,0.5680056997187877,8.33666691358593,55.00332018315382,0.8867868027168015,1.6052198921794223,0.5273145000499233,7.52701978117769,0.000816838850641708,8.787440510411085e-07
23,493.0496581469291,493.0496581469291,0.8013623140677579,30,7,21,6,3,2,0.11549007998447319,0.11756836294969025,0.6776560386490043,5.451798712798487,84.72528082300295,0.5680056997187877,6.0267225770136115,42.75800464842034,0.839642614425838,4.082643943639809,0.6409727260840631,8.786235180507717,0.0006297837941120718,8.787440510411085e-07
24,895.2103790468683,895.2103790468683,0.6393415649354248,11,6,28,11,4,4,0.24207740371623904,0.07335232846260822,0.7749681922947965,4.663134133398969,136.37869757429138,0.6670156546721293,8.721133682228713,94.89050868323766,0.8867868027168015,6.058493185552349,0.5570836496082222,4.818615839338889,5.2781919250286996e-05,4.511687286114974e-06
25,647.3047254566003,647.3047254566003,0.7392167084326673,12,5,13,8,5,4,0.20381394418650706,0.11617241778806746,0.8929196214807845,7.530348858621305,174.6705046372748,0.7942199493824375,8.828098767694765,78.01987361519173,0.7761719527508908,1.6052198921794223,0.6409727260840631,7.209013810147226,0.00018455310862724113,8.787440510411085e-07
26,676.4535730250643,676.4535730250643,0.7274733484426155,11,5,13,8,5,4,0.20381394418650706,0.11617241778806746,0.8929196214807845,7.530348858621305,174.6705046372748,0.7942199493824375,8.828098767694765,78.01987361519173,0.7761719527508908,1.6052198921794223,0.6409727260840631,7.209013810147226,0.00018455310862724113,8.787440510411085e-07
27,493.80128182279174,493.80128182279174,0.801059503214534,32,8,28,6,2,2,0.30989556908201255,0.07335232846260822,0.7015784755316583,8.891254675363855,106.9406365130335,0.5423408682778559,7.726547685746881,58.84633264633351,0.5273081880110044,4.534553672677616,0.5140637646050208,5.8354191749275035,0.0006297837941120718,4.1865220743249695e-07
28,605.4623728632588,605.4623728632588,0.7560739721093931,14,3,23,10,7,2,0.4630659181130071,0.07335232846260822,0.7496334108689462,4.663134133398969,84.72528082300295,0.5423408682778559,6.471306967487959,68.94489984300037,0.8149973430967209,6.058493185552349,0.5614291722328522,4.818615839338889,0.00031372672221934684,1.2357837456236379e-07
29,1209.75549281921,1209.75549281921,0.5126190077068941,11,7,18,9,3,2,0.196536258429775,0.08831651881477984,0.7861682416902296,7.118751035769721,117.65988254295556,0.6417636722881681,2.2703898624335253,42.86834467560792,0.6387965588919604,3.3604424093201826,0.42998245293685233,8.111556804050537,2.0521938549507283e-05,3.887262559574451e-06
30,562.8815116324528,562.8815116324528,0.7732287629101378,20,3,28,12,7,4,0.24396699043422512,0.1620083399062898,0.8227405735674398,2.113747419201565,136.37869757429138,0.5423408682778559,4.204821010014943,60.09159929866748,0.8409009793894525,3.3604424093201826,0.5140637646050208,6.746604932586802,0.00043272927306088485,1.165613837525591e-06
31,871.6008035470862,871.6008035470862,0.6488532872652713,11,6,25,9,4,6,0.27597557890710783,0.09451012977166333,0.7496334108689462,3.264908711646625,95.57442459515188,0.6018009074508623,7.8743772750640675,66.80761719738992,0.7380118039045398,7.793888894030766,0.571152782619249,6.172353282866873,7.353538478877737e-05,3.154651390428568e-07
32,685.4143856215499,685.4143856215499,0.7238632555263601,11,6,20,9,4,6,0.31102933499147056,0.0702845425996876,0.8075348486931854,4.881020265887724,117.65988254295556,0.5921601406242664,6.67060478028649,80.06606398943028,0.7380118039045398,5.030170475882274,0.6174790623811408,5.639910663728785,0.0003127867482184976,1.8575837327014024e-07
33,633.4683278210191,633.4683278210191,0.7447910556866535,12,5,29,7,5,2,0.24618759190583517,0.10621207029290049,0.7104844300711214,3.8167010724785415,68.53617666932367,0.6411780075551866,9.033386996012633,61.57980893132814,0.7380118039045398,3.3604424093201826,0.49704236299132937,6.4646584662990305,0.0001525342151796965,4.696092625742332e-07
34,881.3639487911016,881.3639487911016,0.6449199540874726,11,6,26,12,4,3,0.19700201643145293,0.05170650813531409,0.6801070024372295,2.5342493829209323,146.55691049357353,0.5357346083222562,7.8743772750640675,72.33117864015227,0.6176573688008686,4.508312270918529,0.6074210883681297,8.786235180507717,7.353538478877737e-05,1.2479648873912646e-06
35,455.6347156347456,455.6347156347456,0.8164358821700874,50,7,20,10,5,5,0.27597557890710783,0.09013977416146024,0.7541452275573163,5.928024169633634,105.49756416518184,0.5921601406242664,9.033386996012633,48.2691784126592,0.5538237027877302,7.77387288585534,0.5465091180515518,5.246823877412233,0.0005640818492501249,3.2823379086679386e-07
36,507.2161983008698,507.2161983008698,0.7956549604425245,37,7,21,12,5,2,0.3760988294276581,0.07054066947574746,0.8184896864351245,6.989012511530387,168.30424026902162,0.5799138279781731,9.25627393032291,45.817609512092986,0.5538237027877302,9.696476234629328,0.43719334569850343,4.9636868533621135,0.0005635083199727862,3.167977710807728e-06
37,597.0786165382808,597.0786165382808,0.7594515831234081,14,8,14,11,5,3,0.11789511285498841,0.08831651881477984,0.8704175535192646,5.901844814134637,146.55691049357353,0.5357346083222562,9.25627393032291,36.96976531325694,0.5538237027877302,8.477588318493586,0.4960266332554615,2.0782176795602387,0.0007769146235201488,1.2479648873912646e-06
38,684.853560014119,684.853560014119,0.7240891984897734,11,7,29,7,7,4,0.2644595836079768,0.05170650813531409,0.7541452275573163,5.901844814134637,117.65988254295556,0.7127533549443065,9.25627393032291,92.59415376510128,0.8967194304459591,7.543955610073618,0.5525557718345222,5.458631749047563,0.0001525342151796965,5.519940264962001e-07
39,454.3005861174608,454.3005861174608,0.8169733704244011,25,5,32,10,3,3,0.2202259292197384,0.06527563181890575,0.7295314110948663,6.989012511530387,72.52666492321353,0.66326627883052,8.348082202476842,54.75139238537941,0.5538237027877302,6.165316929407728,0.4960266332554615,5.458631749047563,0.000975269172559425,1.7542289155399155e-07
40,522.7120255762137,522.7120255762137,0.7894120694462128,29,6,20,10,3,3,0.3344620298811247,0.0654965702784158,0.6907888518856979,6.926514721614374,66.76837137075216,0.6918795674926936,8.21894581152554,54.93574663211819,0.5538237027877302,6.049525717408411,0.4960266332554615,6.859700837217408,0.0009955972630084908,1.7093085674933333e-07
41,434.3051695935666,434.3051695935666,0.8250290362218086,26,5,32,10,3,3,0.22213260863629833,0.06596734906498336,0.7208994713160737,5.928024169633634,94.98987407274906,0.662822157631647,9.382639518559367,48.46219299102934,0.607377402775023,6.475285192643186,0.44838537086313923,4.1410380240485924,0.0007408004255050807,3.669295333437519e-07
42,609.8475418020384,609.8475418020384,0.7543072944613547,13,5,30,10,2,3,0.2235166506973286,0.06577138948839542,0.7588012737677141,5.9089176446298035,97.15390245984486,0.6589393822976288,7.877280899254818,48.95941568285267,0.5143758376894166,6.429835772796372,0.4454828185711195,4.398551566908751,0.00047450303910201224,1.5827399076088517e-07
43,490.77699129731,490.77699129731,0.8022779161302356,23,5,23,9,3,2,0.2518217022705304,0.07913161403562244,0.7372945742255218,5.227881984060138,75.13340298191125,0.7330090564865744,9.326296560149968,56.98756691373163,0.6076836242657742,7.38924398128121,0.4454828185711195,4.398551566908751,0.0008249716907924396,3.0053945277008476e-07
44,493.7229999348196,493.7229999348196,0.801091041078561,37,5,18,11,3,3,0.2202259292197384,0.08831651881477984,0.7087421357087137,8.771910969203143,97.15390245984486,0.6274297080164121,8.706294835697909,41.263290153811724,0.5661320811332193,5.654851322769613,0.5083932261099885,4.398551566908751,0.0006518836986995051,3.828794200724188e-07
45,501.0201805522034,501.0201805522034,0.7981511849246911,41,5,18,11,3,3,0.2202259292197384,0.08831651881477984,0.7087421357087137,8.771910969203143,97.15390245984486,0.6274297080164121,8.706294835697909,41.263290153811724,0.5661320811332193,5.654851322769613,0.5083932261099885,4.398551566908751,0.0006518836986995051,3.828794200724188e-07
46,458.6228634795284,458.6228634795284,0.8152320302592233,37,6,30,12,4,2,0.19992539787943103,0.06458891561589519,0.6628293579841573,6.786088900337827,51.976509869501044,0.6589393822976288,7.618537596916393,48.95941568285267,0.6076836242657742,6.429835772796372,0.5433773140187237,2.855615067726592,0.00039239680592906826,1.0558986769579436e-07
47,447.9867514092525,447.9867514092525,0.8195170604870021,50,7,30,15,2,4,0.18014146583404325,0.06458891561589519,0.6301439991885139,6.808407996243668,51.976509869501044,0.6584993385465457,6.855314552684314,31.17477642026585,0.6077996303151854,8.045718128804268,0.46329422955326327,3.207520120963079,0.0005225466473316279,1.0894704744294381e-07
48,454.07124222335403,454.07124222335403,0.8170657674875677,50,7,30,14,2,5,0.29803987408005506,0.050724759795589824,0.6301439991885139,8.331460121888139,56.482146381182105,0.676562231234317,6.855314552684314,26.569413817923465,0.6750348685071612,8.045718128804268,0.46329422955326327,3.0423463852770722,0.0005225466473316279,2.254055611523305e-07
49,599.8887071764751,599.8887071764751,0.7583194661197605,13,8,32,14,2,4,0.4208799472720689,0.050397117283315064,0.5985262240625665,9.71021188101414,57.72705158933272,0.7045201945571028,6.607950076147073,24.117476277247338,0.6750348685071612,8.498739833464148,0.4053031283422131,3.335109837496026,0.0002629251744170693,2.173856786640664e-07
